lang,value
bg,2.144800
cs,2.184200
da,2.235400
de,3.381600
el,2.220100
en,2.381100
es,2.130300
et,2.393000
fi,2.129600
fr,2.186000
hu,2.653800
it,2.162100
lt,1.987500
lv,2.348800
nl,2.869000
pl,2.189700
pt,2.133500
ro,2.128700
sk,2.162600
sl,2.226700
sv,2.349800
