lang,value
bg,0.500000
cs,0.600000
da,0.700000
de,0.400000
el,0.500000
es,0.500000
et,0.700000
fi,0.500000
fr,0.500000
hu,0.500000
it,0.500000
lt,0.500000
lv,0.700000
nl,0.500000
pl,0.500000
pt,0.500000
ro,0.500000
sk,0.600000
sl,0.500000
sv,0.500000
