lang,value
bg,0.857100
cs,0.900000
da,0.700000
de,0.428600
el,0.833300
es,0.900000
et,1.000000
fi,1.000000
fr,0.900000
hu,1.000000
it,0.900000
lt,0.900000
lv,0.900000
nl,0.600000
pl,0.900000
pt,0.900000
ro,0.900000
sk,0.900000
sl,0.900000
sv,0.700000
