lang,value
bg,0.100000
cs,0.100000
da,0.000000
de,0.100000
el,0.100000
es,0.100000
et,0.100000
fi,0.100000
fr,0.000000
hu,0.100000
it,0.100000
lt,0.100000
lv,0.100000
nl,0.000000
pl,0.100000
pt,0.100000
ro,0.100000
sk,0.100000
sl,0.100000
sv,0.100000
