lang,value
bg,0.460200
cs,0.428100
da,0.484800
de,0.423100
el,0.502700
en,0.718300
es,0.500000
et,0.410500
fi,0.330100
fr,0.571300
hu,0.389600
it,0.552300
lt,0.515100
lv,0.435600
nl,0.527400
pl,0.457300
pt,0.556600
ro,0.533900
sk,0.417000
sl,0.422200
sv,0.478900
