lang,value
bg,0.521000
cs,0.536800
da,0.598300
de,0.436400
el,0.551600
es,0.548100
et,0.598300
fi,0.469400
fr,0.475300
hu,0.458100
it,0.506400
lt,0.469400
lv,0.598300
nl,0.486100
pl,0.547200
pt,0.423500
ro,0.499700
sk,0.598300
sl,0.454600
sv,0.524200
