lang,value
bg,0.280400
cs,0.568700
da,0.568700
de,0.327700
el,0.195000
es,0.343300
et,0.568700
fi,0.273600
fr,0.427000
hu,0.343300
it,0.568700
lt,0.349800
lv,0.343300
nl,0.568700
pl,0.280400
pt,0.568700
ro,0.349800
sk,0.568700
sl,0.568700
sv,0.568700
