lang,value
bg,0.480000
cs,0.660000
da,0.500000
de,0.420000
el,0.520000
es,0.400000
et,0.540000
fi,0.530000
fr,0.460000
hu,0.600000
it,0.510000
lt,0.680000
lv,0.590000
nl,0.490000
pl,0.590000
pt,0.470000
ro,0.530000
sk,0.570000
sl,0.560000
sv,0.420000
